CNSIGN,CNSADD
I.G.L. LIMITED,"593-594 SPANISH TOWN RD., KGN"
JAMAICA FLOUR MILLS LTD,209 WINDWARD RD. KGN 2
I.G.L. LIMITED,"593-594 SPANISH TOWN RD., KGN"
INDUSTRIAL CHEMICAL CO. LTD.,"1 WINDSOR ROAD, S/TOWN ST CATH"
SEAWINGS FREIGHT FWDRS.,2A BALLATER AVE KGN 10
A.E.PARNELL & CO. LTD,40 SEC. ST. NEWPORT WEST KGN
JAMAICA FLOUR MILLS LTD,209 WINDWARD RD. KGN 2
JAMAICA FLOUR MILLS LTD,209 WINDWARD RD. KGN 2
I.G.L. LIMITED,"593-594 SPANISH TOWN RD., KGN"
RED STRIPE LTD.,"214 SPANISH TWN RD, KGN.11"
